year,state_name,state_code,population_total,population_65plus,percent_65plus,hospitals_count,beds_public_total,hospitals_per_100k,beds_per_1000,abbr,latitude,longitude,aging_label,hospitals_count_source
2001,Australian Capital Territory,ACT,321538.0,27535.0,8.564,12.0,,3.732062773295847,,ACT,-35.2809,149.13,,AIHW historic trend (2001–2009) modeled by state shares
2002,Australian Capital Territory,ACT,324627.0,28326.0,8.726,12.0,,3.696550194530954,,ACT,-35.2809,149.13,,AIHW historic trend (2001–2009) modeled by state shares
2003,Australian Capital Territory,ACT,327357.0,29235.0,8.931,12.0,,3.6657227430603285,,ACT,-35.2809,149.13,,AIHW historic trend (2001–2009) modeled by state shares
2004,Australian Capital Territory,ACT,328940.0,30037.0,9.131,12.0,,3.648081717030461,,ACT,-35.2809,149.13,,AIHW historic trend (2001–2009) modeled by state shares
2005,Australian Capital Territory,ACT,331399.0,31030.0,9.363,12.0,,3.621012736912302,,ACT,-35.2809,149.13,,AIHW historic trend (2001–2009) modeled by state shares
2006,Australian Capital Territory,ACT,335170.0,32004.0,9.549,12.0,,3.5802726974371213,,ACT,-35.2809,149.13,,AIHW historic trend (2001–2009) modeled by state shares
2007,Australian Capital Territory,ACT,342644.0,33315.0,9.723,12.0,,3.5021771868178053,,ACT,-35.2809,149.13,,AIHW historic trend (2001–2009) modeled by state shares
2008,Australian Capital Territory,ACT,348368.0,34477.0,9.897,12.0,,3.4446332613787716,,ACT,-35.2809,149.13,,AIHW historic trend (2001–2009) modeled by state shares
2009,Australian Capital Territory,ACT,354785.0,35759.0,10.079,12.0,,3.382330143608101,,ACT,-35.2809,149.13,,AIHW historic trend (2001–2009) modeled by state shares
2010,Australian Capital Territory,ACT,361766.0,37262.0,10.3,12.0,,3.317061304821349,,ACT,-35.2809,149.13,,AIHW public hospitals (2010–2025) modeled by state shares
2011,Australian Capital Territory,ACT,367985.0,38886.0,10.567,12.0,,3.2610024865143963,,ACT,-35.2809,149.13,,AIHW public hospitals (2010–2025) modeled by state shares
2012,Australian Capital Territory,ACT,376539.0,41209.0,10.944,12.0,,3.1869208767219335,,ACT,-35.2809,149.13,,AIHW public hospitals (2010–2025) modeled by state shares
2013,Australian Capital Territory,ACT,383257.0,43358.0,11.313,12.0,,3.1310582716036497,,ACT,-35.2809,149.13,,AIHW public hospitals (2010–2025) modeled by state shares
2014,Australian Capital Territory,ACT,388799.0,45451.0,11.69,12.0,,3.0864276914292477,,ACT,-35.2809,149.13,,AIHW public hospitals (2010–2025) modeled by state shares
2015,Australian Capital Territory,ACT,395813.0,47585.0,12.022,12.0,,3.0317346827921265,,ACT,-35.2809,149.13,,AIHW public hospitals (2010–2025) modeled by state shares
2016,Australian Capital Territory,ACT,403104.0,49572.0,12.298,12.0,,2.976899261728983,,ACT,-35.2809,149.13,,AIHW public hospitals (2010–2025) modeled by state shares
2017,Australian Capital Territory,ACT,415046.0,51741.0,12.466,12.0,,2.891245789623319,,ACT,-35.2809,149.13,,AIHW public hospitals (2010–2025) modeled by state shares
2018,Australian Capital Territory,ACT,426081.0,53828.0,12.633,12.0,,2.8163659022580214,,ACT,-35.2809,149.13,,AIHW public hospitals (2010–2025) modeled by state shares
2019,Australian Capital Territory,ACT,435730.0,55873.0,12.823,12.0,,2.7539990361003377,,ACT,-35.2809,149.13,,AIHW public hospitals (2010–2025) modeled by state shares
2020,Australian Capital Territory,ACT,444903.0,58336.0,13.112,12.0,,2.6972171462093986,,ACT,-35.2809,149.13,,AIHW public hospitals (2010–2025) modeled by state shares
2021,Australian Capital Territory,ACT,452508.0,60396.0,13.347,12.0,,2.65188681747063,,ACT,-35.2809,149.13,,AIHW public hospitals (2010–2025) modeled by state shares
2022,Australian Capital Territory,ACT,456915.0,62084.0,13.588,12.0,,2.6263090509175666,,ACT,-35.2809,149.13,,AIHW public hospitals (2010–2025) modeled by state shares
2023,Australian Capital Territory,ACT,466359.0,63907.0,13.703,12.0,,2.573124995979492,,ACT,-35.2809,149.13,,AIHW public hospitals (2010–2025) modeled by state shares
2024,Australian Capital Territory,ACT,473855.0,65896.0,13.906,12.0,,2.5324202551413406,,ACT,-35.2809,149.13,,AIHW public hospitals (2010–2025) modeled by state shares
2001,Australia,AUS,19274701.0,2419070.0,12.55,693.0,,3.5953865120916793,,,,,,Recomputed total as sum of jurisdictions incl. Other Territories
2002,Australia,AUS,19495210.0,2465669.0,12.648,693.0,,3.5547193387503904,,,,,,Recomputed total as sum of jurisdictions incl. Other Territories
2003,Australia,AUS,19720737.0,2511327.0,12.734,693.0,,3.514067450927417,,,,,,Recomputed total as sum of jurisdictions incl. Other Territories
2004,Australia,AUS,19932722.0,2558857.0,12.837,694.0,,3.481712131438947,,,,,,Recomputed total as sum of jurisdictions incl. Other Territories
2005,Australia,AUS,20176844.0,2611879.0,12.945,694.0,,3.4395864883526874,,,,,,Recomputed total as sum of jurisdictions incl. Other Territories
2006,Australia,AUS,20450966.0,2664064.0,13.027,696.0,,3.403262222429982,,,,,,Recomputed total as sum of jurisdictions incl. Other Territories
2007,Australia,AUS,20827622.0,2736610.0,13.139,699.0,,3.3561200601777776,,,,,,Recomputed total as sum of jurisdictions incl. Other Territories
2008,Australia,AUS,21249199.0,2805167.0,13.201,700.0,,3.294241820597567,,,,,,Recomputed total as sum of jurisdictions incl. Other Territories
2009,Australia,AUS,21691653.0,2890566.0,13.326,700.0,,3.2270477496574372,,,,,,Recomputed total as sum of jurisdictions incl. Other Territories
2010,Australia,AUS,22031750.0,2986675.0,13.556,699.0,,3.1726939530450373,,,,,,Recomputed total as sum of jurisdictions incl. Other Territories
2011,Australia,AUS,22340024.0,3087911.0,13.822,699.0,,3.1289133798602906,,,,,,Recomputed total as sum of jurisdictions incl. Other Territories
2012,Australia,AUS,22733465.0,3213853.0,14.137,699.0,,3.0747622502772898,,,,,,Recomputed total as sum of jurisdictions incl. Other Territories
2013,Australia,AUS,23128129.0,3330378.0,14.4,699.0,,3.02229376185164,,,,,,Recomputed total as sum of jurisdictions incl. Other Territories
2014,Australia,AUS,23475686.0,3442148.0,14.663,699.0,,2.9775487710987445,,,,,,Recomputed total as sum of jurisdictions incl. Other Territories
2015,Australia,AUS,23815995.0,3554304.0,14.924,699.0,,2.935002295726045,,,,,,Recomputed total as sum of jurisdictions incl. Other Territories
2016,Australia,AUS,24190907.0,3672251.0,15.18,699.0,,2.8895154695935954,,,,,,Recomputed total as sum of jurisdictions incl. Other Territories
2017,Australia,AUS,24592588.0,3788261.0,15.404,699.0,,2.8423198079030967,,,,,,Recomputed total as sum of jurisdictions incl. Other Territories
2018,Australia,AUS,24963258.0,3908143.0,15.656,699.0,,2.8001152734150327,,,,,,Recomputed total as sum of jurisdictions incl. Other Territories
2019,Australia,AUS,25334826.0,4033157.0,15.919,699.0,,2.759047960305707,,,,,,Recomputed total as sum of jurisdictions incl. Other Territories
2020,Australia,AUS,25649248.0,4187801.0,16.327,699.0,,2.725226096297248,,,,,,Recomputed total as sum of jurisdictions incl. Other Territories
2021,Australia,AUS,25685412.0,4314219.0,16.796,699.0,,2.7213890904300078,,,,,,Recomputed total as sum of jurisdictions incl. Other Territories
2022,Australia,AUS,26014399.0,4433342.0,17.042,691.0,,2.6562212719194473,,,,,,Recomputed total as sum of jurisdictions incl. Other Territories
2023,Australia,AUS,26652777.0,4560057.0,17.109,683.0,,2.5625847543015876,,,,,,Recomputed total as sum of jurisdictions incl. Other Territories
2024,Australia,AUS,27194369.0,4700531.0,17.285,675.0,65935.0,2.482131503032852,2.4245828244810537,,,,,Recomputed total as sum of jurisdictions incl. Other Territories
2001,New South Wales,NSW,6530349.0,852739.0,13.058,222.0,,3.3995120322053234,,NSW,-33.8688,151.2093,,AIHW historic trend (2001–2009) modeled by state shares
2002,New South Wales,NSW,6580807.0,865293.0,13.149,222.0,,3.3734464481331847,,NSW,-33.8688,151.2093,,AIHW historic trend (2001–2009) modeled by state shares
2003,New South Wales,NSW,6620715.0,876033.0,13.232,222.0,,3.3531121638674977,,NSW,-33.8688,151.2093,,AIHW historic trend (2001–2009) modeled by state shares
2004,New South Wales,NSW,6650735.0,886720.0,13.333,222.0,,3.3379769303693503,,NSW,-33.8688,151.2093,,AIHW historic trend (2001–2009) modeled by state shares
2005,New South Wales,NSW,6693206.0,899718.0,13.442,222.0,,3.3167961661422045,,NSW,-33.8688,151.2093,,AIHW historic trend (2001–2009) modeled by state shares
2006,New South Wales,NSW,6742690.0,911881.0,13.524,222.0,,3.292454495164393,,NSW,-33.8688,151.2093,,AIHW historic trend (2001–2009) modeled by state shares
2007,New South Wales,NSW,6834156.0,934537.0,13.675,223.0,,3.2630217981562026,,NSW,-33.8688,151.2093,,AIHW historic trend (2001–2009) modeled by state shares
2008,New South Wales,NSW,6943461.0,956559.0,13.776,224.0,,3.2260568612684652,,NSW,-33.8688,151.2093,,AIHW historic trend (2001–2009) modeled by state shares
2009,New South Wales,NSW,7053755.0,984281.0,13.954,224.0,,3.175613556183905,,NSW,-33.8688,151.2093,,AIHW historic trend (2001–2009) modeled by state shares
2010,New South Wales,NSW,7144292.0,1015936.0,14.22,223.0,,3.1213729785960598,,NSW,-33.8688,151.2093,,AIHW public hospitals (2010–2025) modeled by state shares
2011,New South Wales,NSW,7218529.0,1048904.0,14.531,223.0,,3.089272066372526,,NSW,-33.8688,151.2093,,AIHW public hospitals (2010–2025) modeled by state shares
2012,New South Wales,NSW,7304244.0,1085147.0,14.856,223.0,,3.053019586968891,,NSW,-33.8688,151.2093,,AIHW public hospitals (2010–2025) modeled by state shares
2013,New South Wales,NSW,7404032.0,1120092.0,15.128,223.0,,3.0118724500380334,,NSW,-33.8688,151.2093,,AIHW public hospitals (2010–2025) modeled by state shares
2014,New South Wales,NSW,7508353.0,1152524.0,15.35,223.0,,2.9700255169142955,,NSW,-33.8688,151.2093,,AIHW public hospitals (2010–2025) modeled by state shares
2015,New South Wales,NSW,7616168.0,1184166.0,15.548,223.0,,2.9279816306573068,,NSW,-33.8688,151.2093,,AIHW public hospitals (2010–2025) modeled by state shares
2016,New South Wales,NSW,7732858.0,1216340.0,15.73,223.0,,2.883797943787407,,NSW,-33.8688,151.2093,,AIHW public hospitals (2010–2025) modeled by state shares
2017,New South Wales,NSW,7855316.0,1247771.0,15.884,223.0,,2.838841874725345,,NSW,-33.8688,151.2093,,AIHW public hospitals (2010–2025) modeled by state shares
2018,New South Wales,NSW,7954476.0,1280049.0,16.092,223.0,,2.803453049578627,,NSW,-33.8688,151.2093,,AIHW public hospitals (2010–2025) modeled by state shares
2019,New South Wales,NSW,8046748.0,1314461.0,16.335,223.0,,2.771305874124553,,NSW,-33.8688,151.2093,,AIHW public hospitals (2010–2025) modeled by state shares
2020,New South Wales,NSW,8110610.0,1359254.0,16.759,223.0,,2.7494849339322194,,NSW,-33.8688,151.2093,,AIHW public hospitals (2010–2025) modeled by state shares
2021,New South Wales,NSW,8097062.0,1393673.0,17.212,223.0,,2.7540853707184163,,NSW,-33.8688,151.2093,,AIHW public hospitals (2010–2025) modeled by state shares
2022,New South Wales,NSW,8166704.0,1424525.0,17.443,221.0,,2.706110078190663,,NSW,-33.8688,151.2093,,AIHW public hospitals (2010–2025) modeled by state shares
2023,New South Wales,NSW,8341199.0,1459691.0,17.5,218.0,,2.6135331383413822,,NSW,-33.8688,151.2093,,AIHW public hospitals (2010–2025) modeled by state shares
2024,New South Wales,NSW,8479314.0,1500087.0,17.691,215.0,21238.0,2.5355824775447635,2.5046837515393343,NSW,-33.8688,151.2093,,AIHW public hospitals (2010–2025) modeled by state shares
2001,Northern Territory,NT,201743.0,7550.0,3.742,5.0,,2.4784007375720596,,NT,-12.4634,130.8456,,AIHW historic trend (2001–2009) modeled by state shares
2002,Northern Territory,NT,202251.0,7843.0,3.878,5.0,,2.4721756629139042,,NT,-12.4634,130.8456,,AIHW historic trend (2001–2009) modeled by state shares
2003,Northern Territory,NT,201725.0,8027.0,3.979,5.0,,2.4786218862312555,,NT,-12.4634,130.8456,Lowest Aging,AIHW historic trend (2001–2009) modeled by state shares
2004,Northern Territory,NT,202663.0,8341.0,4.116,5.0,,2.467149899093569,,NT,-12.4634,130.8456,Lowest Aging,AIHW historic trend (2001–2009) modeled by state shares
2005,Northern Territory,NT,205905.0,8831.0,4.289,5.0,,2.428304315096768,,NT,-12.4634,130.8456,Lowest Aging,AIHW historic trend (2001–2009) modeled by state shares
2006,Northern Territory,NT,209057.0,9682.0,4.631,5.0,,2.3916922179118614,,NT,-12.4634,130.8456,Lowest Aging,AIHW historic trend (2001–2009) modeled by state shares
2007,Northern Territory,NT,213748.0,10340.0,4.837,5.0,,2.339203173830866,,NT,-12.4634,130.8456,Lowest Aging,AIHW historic trend (2001–2009) modeled by state shares
2008,Northern Territory,NT,219874.0,10861.0,4.94,5.0,,2.274029671539154,,NT,-12.4634,130.8456,Lowest Aging,AIHW historic trend (2001–2009) modeled by state shares
2009,Northern Territory,NT,226027.0,11459.0,5.07,5.0,,2.212125100098661,,NT,-12.4634,130.8456,Lowest Aging,AIHW historic trend (2001–2009) modeled by state shares
2010,Northern Territory,NT,229778.0,12150.0,5.288,5.0,,2.1760133694261414,,NT,-12.4634,130.8456,,AIHW public hospitals (2010–2025) modeled by state shares
2011,Northern Territory,NT,231292.0,12841.0,5.552,5.0,,2.1617695380730853,,NT,-12.4634,130.8456,,AIHW public hospitals (2010–2025) modeled by state shares
2012,Northern Territory,NT,235915.0,13832.0,5.863,5.0,,2.1194074136871333,,NT,-12.4634,130.8456,,AIHW public hospitals (2010–2025) modeled by state shares
2013,Northern Territory,NT,241722.0,14695.0,6.079,5.0,,2.068491903922688,,NT,-12.4634,130.8456,Lowest Aging,AIHW public hospitals (2010–2025) modeled by state shares
2014,Northern Territory,NT,242894.0,15486.0,6.376,5.0,,2.0585111200770707,,NT,-12.4634,130.8456,Lowest Aging,AIHW public hospitals (2010–2025) modeled by state shares
2015,Northern Territory,NT,244692.0,16247.0,6.64,5.0,,2.0433851535808283,,NT,-12.4634,130.8456,Lowest Aging,AIHW public hospitals (2010–2025) modeled by state shares
2016,Northern Territory,NT,245678.0,16956.0,6.902,5.0,,2.035184265583406,,NT,-12.4634,130.8456,Lowest Aging,AIHW public hospitals (2010–2025) modeled by state shares
2017,Northern Territory,NT,247412.0,17668.0,7.141,5.0,,2.020920569737927,,NT,-12.4634,130.8456,Lowest Aging,AIHW public hospitals (2010–2025) modeled by state shares
2018,Northern Territory,NT,247095.0,18552.0,7.508,5.0,,2.0235132236589166,,NT,-12.4634,130.8456,Lowest Aging,AIHW public hospitals (2010–2025) modeled by state shares
2019,Northern Territory,NT,246559.0,19382.0,7.861,5.0,,2.0279121832908147,,NT,-12.4634,130.8456,Lowest Aging,AIHW public hospitals (2010–2025) modeled by state shares
2020,Northern Territory,NT,247428.0,20522.0,8.294,5.0,,2.0207898863507765,,NT,-12.4634,130.8456,Lowest Aging,AIHW public hospitals (2010–2025) modeled by state shares
2021,Northern Territory,NT,248151.0,21560.0,8.688,5.0,,2.0149022167954187,,NT,-12.4634,130.8456,Lowest Aging,AIHW public hospitals (2010–2025) modeled by state shares
2022,Northern Territory,NT,250228.0,22431.0,8.964,5.0,,1.9981776619722813,,NT,-12.4634,130.8456,Lowest Aging,AIHW public hospitals (2010–2025) modeled by state shares
2023,Northern Territory,NT,253062.0,23370.0,9.235,5.0,,1.9758003967407196,,NT,-12.4634,130.8456,Lowest Aging,AIHW public hospitals (2010–2025) modeled by state shares
2024,Northern Territory,NT,255069.0,24513.0,9.61,5.0,1057.0,1.9602538920841028,4.143976727865794,NT,-12.4634,130.8456,Lowest Aging,AIHW public hospitals (2010–2025) modeled by state shares
2001,Other Territories,OT,2584.0,95.0,3.676,2.0,,77.39938080495357,,,,,Lowest Aging,Filled: assumed 2 public hospitals in Other Territories (Norfolk Island Hospital; Christmas Island Hospital)
2002,Other Territories,OT,2397.0,86.0,3.588,2.0,,83.43763037129746,,,,,Lowest Aging,Filled: assumed 2 public hospitals in Other Territories (Norfolk Island Hospital; Christmas Island Hospital)
2003,Other Territories,OT,2336.0,98.0,4.195,2.0,,85.61643835616438,,,,,,Filled: assumed 2 public hospitals in Other Territories (Norfolk Island Hospital; Christmas Island Hospital)
2004,Other Territories,OT,2356.0,99.0,4.202,2.0,,84.88964346349745,,,,,,Filled: assumed 2 public hospitals in Other Territories (Norfolk Island Hospital; Christmas Island Hospital)
2005,Other Territories,OT,2381.0,115.0,4.83,2.0,,83.99832003359933,,,,,,Filled: assumed 2 public hospitals in Other Territories (Norfolk Island Hospital; Christmas Island Hospital)
2006,Other Territories,OT,2379.0,128.0,5.38,2.0,,84.06893652795293,,,,,,Filled: assumed 2 public hospitals in Other Territories (Norfolk Island Hospital; Christmas Island Hospital)
2007,Other Territories,OT,2514.0,129.0,5.131,2.0,,79.55449482895784,,,,,,Filled: assumed 2 public hospitals in Other Territories (Norfolk Island Hospital; Christmas Island Hospital)
2008,Other Territories,OT,2683.0,136.0,5.069,2.0,,74.54342154304882,,,,,,Filled: assumed 2 public hospitals in Other Territories (Norfolk Island Hospital; Christmas Island Hospital)
2009,Other Territories,OT,2876.0,147.0,5.111,2.0,,69.54102920723227,,,,,,Filled: assumed 2 public hospitals in Other Territories (Norfolk Island Hospital; Christmas Island Hospital)
2010,Other Territories,OT,3055.0,152.0,4.975,2.0,,65.46644844517185,,,,,Lowest Aging,Filled: assumed 2 public hospitals in Other Territories (Norfolk Island Hospital; Christmas Island Hospital)
2011,Other Territories,OT,3117.0,160.0,5.133,2.0,,64.16426050689766,,,,,Lowest Aging,Filled: assumed 2 public hospitals in Other Territories (Norfolk Island Hospital; Christmas Island Hospital)
2012,Other Territories,OT,3033.0,170.0,5.605,2.0,,65.94131223211342,,,,,Lowest Aging,Filled: assumed 2 public hospitals in Other Territories (Norfolk Island Hospital; Christmas Island Hospital)
2013,Other Territories,OT,2962.0,183.0,6.178,2.0,,67.5219446320054,,,,,,Filled: assumed 2 public hospitals in Other Territories (Norfolk Island Hospital; Christmas Island Hospital)
2014,Other Territories,OT,2896.0,201.0,6.941,2.0,,69.06077348066297,,,,,,Filled: assumed 2 public hospitals in Other Territories (Norfolk Island Hospital; Christmas Island Hospital)
2015,Other Territories,OT,2851.0,239.0,8.383,2.0,,70.15082427218519,,,,,,Filled: assumed 2 public hospitals in Other Territories (Norfolk Island Hospital; Christmas Island Hospital)
2016,Other Territories,OT,4608.0,696.0,15.104,2.0,,43.40277777777778,,,,,,Filled: assumed 2 public hospitals in Other Territories (Norfolk Island Hospital; Christmas Island Hospital)
2017,Other Territories,OT,4671.0,738.0,15.8,2.0,,42.81738385784629,,,,,,Filled: assumed 2 public hospitals in Other Territories (Norfolk Island Hospital; Christmas Island Hospital)
2018,Other Territories,OT,4725.0,782.0,16.55,2.0,,42.32804232804233,,,,,,Filled: assumed 2 public hospitals in Other Territories (Norfolk Island Hospital; Christmas Island Hospital)
2019,Other Territories,OT,4776.0,822.0,17.211,2.0,,41.87604690117253,,,,,,Filled: assumed 2 public hospitals in Other Territories (Norfolk Island Hospital; Christmas Island Hospital)
2020,Other Territories,OT,4803.0,874.0,18.197,2.0,,41.640641265875495,,,,,,Filled: assumed 2 public hospitals in Other Territories (Norfolk Island Hospital; Christmas Island Hospital)
2021,Other Territories,OT,4850.0,919.0,18.948,2.0,,41.23711340206186,,,,,,Filled: assumed 2 public hospitals in Other Territories (Norfolk Island Hospital; Christmas Island Hospital)
2022,Other Territories,OT,4920.0,975.0,19.817,2.0,,40.65040650406504,,,,,,Filled: assumed 2 public hospitals in Other Territories (Norfolk Island Hospital; Christmas Island Hospital)
2023,Other Territories,OT,4967.0,1049.0,21.119,2.0,,40.26575397624321,,,,,,Filled: assumed 2 public hospitals in Other Territories (Norfolk Island Hospital; Christmas Island Hospital)
2024,Other Territories,OT,4994.0,1104.0,22.107,2.0,,40.04805766920305,,,,,Highest Aging,Filled: assumed 2 public hospitals in Other Territories (Norfolk Island Hospital; Christmas Island Hospital)
2001,Queensland,QLD,3571469.0,415805.0,11.642,128.0,,3.583959429579257,,QLD,-27.4698,153.0251,,AIHW historic trend (2001–2009) modeled by state shares
2002,Queensland,QLD,3653123.0,429274.0,11.751,128.0,,3.5038513622453995,,QLD,-27.4698,153.0251,,AIHW historic trend (2001–2009) modeled by state shares
2003,Queensland,QLD,3743121.0,442825.0,11.83,128.0,,3.4196062590549436,,QLD,-27.4698,153.0251,,AIHW historic trend (2001–2009) modeled by state shares
2004,Queensland,QLD,3829970.0,456587.0,11.921,128.0,,3.342062731561866,,QLD,-27.4698,153.0251,,AIHW historic trend (2001–2009) modeled by state shares
2005,Queensland,QLD,3918494.0,470826.0,12.015,128.0,,3.2665610818850306,,QLD,-27.4698,153.0251,,AIHW historic trend (2001–2009) modeled by state shares
2006,Queensland,QLD,4007992.0,485016.0,12.101,128.0,,3.193619148940417,,QLD,-27.4698,153.0251,,AIHW historic trend (2001–2009) modeled by state shares
2007,Queensland,QLD,4111018.0,501389.0,12.196,129.0,,3.137908907234169,,QLD,-27.4698,153.0251,,AIHW historic trend (2001–2009) modeled by state shares
2008,Queensland,QLD,4219505.0,516451.0,12.24,129.0,,3.0572306467227794,,QLD,-27.4698,153.0251,,AIHW historic trend (2001–2009) modeled by state shares
2009,Queensland,QLD,4328771.0,535489.0,12.37,129.0,,2.9800606222874806,,QLD,-27.4698,153.0251,,AIHW historic trend (2001–2009) modeled by state shares
2010,Queensland,QLD,4404744.0,557203.0,12.65,129.0,,2.9286605532580325,,QLD,-27.4698,153.0251,,AIHW public hospitals (2010–2025) modeled by state shares
2011,Queensland,QLD,4476778.0,579758.0,12.95,129.0,,2.8815366766008945,,QLD,-27.4698,153.0251,,AIHW public hospitals (2010–2025) modeled by state shares
2012,Queensland,QLD,4568687.0,607620.0,13.3,129.0,,2.8235683468795303,,QLD,-27.4698,153.0251,,AIHW public hospitals (2010–2025) modeled by state shares
2013,Queensland,QLD,4652824.0,633435.0,13.614,129.0,,2.7725097704104003,,QLD,-27.4698,153.0251,,AIHW public hospitals (2010–2025) modeled by state shares
2014,Queensland,QLD,4719653.0,659271.0,13.969,129.0,,2.7332517877903313,,QLD,-27.4698,153.0251,,AIHW public hospitals (2010–2025) modeled by state shares
2015,Queensland,QLD,4777692.0,685511.0,14.348,129.0,,2.7000484752889053,,QLD,-27.4698,153.0251,,AIHW public hospitals (2010–2025) modeled by state shares
2016,Queensland,QLD,4845152.0,713225.0,14.72,129.0,,2.662455171685016,,QLD,-27.4698,153.0251,,AIHW public hospitals (2010–2025) modeled by state shares
2017,Queensland,QLD,4926380.0,741035.0,15.042,129.0,,2.6185556128435077,,QLD,-27.4698,153.0251,,AIHW public hospitals (2010–2025) modeled by state shares
2018,Queensland,QLD,5006623.0,769651.0,15.373,129.0,,2.576587052789874,,QLD,-27.4698,153.0251,,AIHW public hospitals (2010–2025) modeled by state shares
2019,Queensland,QLD,5088847.0,799402.0,15.709,129.0,,2.5349553641522333,,QLD,-27.4698,153.0251,,AIHW public hospitals (2010–2025) modeled by state shares
2020,Queensland,QLD,5165613.0,832243.0,16.111,129.0,,2.4972834782628897,,QLD,-27.4698,153.0251,,AIHW public hospitals (2010–2025) modeled by state shares
2021,Queensland,QLD,5215814.0,864516.0,16.575,129.0,,2.473247704001715,,QLD,-27.4698,153.0251,,AIHW public hospitals (2010–2025) modeled by state shares
2022,Queensland,QLD,5320941.0,896322.0,16.845,127.0,,2.3867958693772398,,QLD,-27.4698,153.0251,,AIHW public hospitals (2010–2025) modeled by state shares
2023,Queensland,QLD,5460477.0,926625.0,16.97,126.0,,2.307490719217387,,QLD,-27.4698,153.0251,,AIHW public hospitals (2010–2025) modeled by state shares
2024,Queensland,QLD,5583833.0,958858.0,17.172,124.0,14021.0,2.2206967865980234,2.5109991649105554,QLD,-27.4698,153.0251,,AIHW public hospitals (2010–2025) modeled by state shares
2001,South Australia,SA,1503461.0,219918.0,14.627,64.0,,4.25684470697943,,SA,-34.9285,138.6007,Highest Aging,AIHW historic trend (2001–2009) modeled by state shares
2002,South Australia,SA,1511567.0,222599.0,14.726,64.0,,4.2340167521519065,,SA,-34.9285,138.6007,Highest Aging,AIHW historic trend (2001–2009) modeled by state shares
2003,South Australia,SA,1520399.0,225168.0,14.81,64.0,,4.209421342687018,,SA,-34.9285,138.6007,Highest Aging,AIHW historic trend (2001–2009) modeled by state shares
2004,South Australia,SA,1528189.0,228305.0,14.94,64.0,,4.187963661562804,,SA,-34.9285,138.6007,Highest Aging,AIHW historic trend (2001–2009) modeled by state shares
2005,South Australia,SA,1538804.0,231631.0,15.053,64.0,,4.1590741900852874,,SA,-34.9285,138.6007,Highest Aging,AIHW historic trend (2001–2009) modeled by state shares
2006,South Australia,SA,1552529.0,234537.0,15.107,65.0,,4.186717285152161,,SA,-34.9285,138.6007,Highest Aging,AIHW historic trend (2001–2009) modeled by state shares
2007,South Australia,SA,1570619.0,238966.0,15.215,65.0,,4.13849571411017,,SA,-34.9285,138.6007,Highest Aging,AIHW historic trend (2001–2009) modeled by state shares
2008,South Australia,SA,1588665.0,243364.0,15.319,65.0,,4.0914856184280515,,SA,-34.9285,138.6007,Highest Aging,AIHW historic trend (2001–2009) modeled by state shares
2009,South Australia,SA,1608902.0,248588.0,15.451,65.0,,4.040022325784914,,SA,-34.9285,138.6007,Highest Aging,AIHW historic trend (2001–2009) modeled by state shares
2010,South Australia,SA,1627322.0,254952.0,15.667,65.0,,3.9942924633231773,,SA,-34.9285,138.6007,,AIHW public hospitals (2010–2025) modeled by state shares
2011,South Australia,SA,1639614.0,261593.0,15.955,65.0,,3.964347706228417,,SA,-34.9285,138.6007,,AIHW public hospitals (2010–2025) modeled by state shares
2012,South Australia,SA,1656725.0,271120.0,16.365,65.0,,3.9234030994884486,,SA,-34.9285,138.6007,,AIHW public hospitals (2010–2025) modeled by state shares
2013,South Australia,SA,1671488.0,279043.0,16.694,65.0,,3.8887506222000994,,SA,-34.9285,138.6007,,AIHW public hospitals (2010–2025) modeled by state shares
2014,South Australia,SA,1686945.0,287054.0,17.016,65.0,,3.8531190999113782,,SA,-34.9285,138.6007,,AIHW public hospitals (2010–2025) modeled by state shares
2015,South Australia,SA,1700668.0,294764.0,17.332,65.0,,3.822027579751015,,SA,-34.9285,138.6007,,AIHW public hospitals (2010–2025) modeled by state shares
2016,South Australia,SA,1712843.0,303117.0,17.697,65.0,,3.7948603578961992,,SA,-34.9285,138.6007,,AIHW public hospitals (2010–2025) modeled by state shares
2017,South Australia,SA,1728673.0,311757.0,18.034,65.0,,3.760109633227337,,SA,-34.9285,138.6007,,AIHW public hospitals (2010–2025) modeled by state shares
2018,South Australia,SA,1746137.0,320829.0,18.374,65.0,,3.722502873485872,,SA,-34.9285,138.6007,,AIHW public hospitals (2010–2025) modeled by state shares
2019,South Australia,SA,1767395.0,330474.0,18.698,65.0,,3.6777290871593507,,SA,-34.9285,138.6007,,AIHW public hospitals (2010–2025) modeled by state shares
2020,South Australia,SA,1790355.0,341929.0,19.098,65.0,,3.630564887969146,,SA,-34.9285,138.6007,,AIHW public hospitals (2010–2025) modeled by state shares
2021,South Australia,SA,1802601.0,352438.0,19.552,65.0,,3.6059005847661236,,SA,-34.9285,138.6007,,AIHW public hospitals (2010–2025) modeled by state shares
2022,South Australia,SA,1821215.0,361511.0,19.85,64.0,,3.5141375400488135,,SA,-34.9285,138.6007,,AIHW public hospitals (2010–2025) modeled by state shares
2023,South Australia,SA,1852972.0,370369.0,19.988,63.0,,3.399943442210676,,SA,-34.9285,138.6007,,AIHW public hospitals (2010–2025) modeled by state shares
2024,South Australia,SA,1878011.0,380395.0,20.255,63.0,5180.0,3.3546129389018486,2.758237305319298,SA,-34.9285,138.6007,,AIHW public hospitals (2010–2025) modeled by state shares
2001,Tasmania,TAS,473668.0,65181.0,13.761,21.0,,4.433485057044174,,TAS,-42.8821,147.3272,,AIHW historic trend (2001–2009) modeled by state shares
2002,Tasmania,TAS,474152.0,66267.0,13.976,21.0,,4.428959489783867,,TAS,-42.8821,147.3272,,AIHW historic trend (2001–2009) modeled by state shares
2003,Tasmania,TAS,478534.0,67468.0,14.099,21.0,,4.388402913899535,,TAS,-42.8821,147.3272,,AIHW historic trend (2001–2009) modeled by state shares
2004,Tasmania,TAS,483178.0,68798.0,14.239,21.0,,4.346224372798431,,TAS,-42.8821,147.3272,,AIHW historic trend (2001–2009) modeled by state shares
2005,Tasmania,TAS,486202.0,70146.0,14.427,21.0,,4.319192434420262,,TAS,-42.8821,147.3272,,AIHW historic trend (2001–2009) modeled by state shares
2006,Tasmania,TAS,489302.0,71438.0,14.6,21.0,,4.2918279508360895,,TAS,-42.8821,147.3272,,AIHW historic trend (2001–2009) modeled by state shares
2007,Tasmania,TAS,493262.0,73188.0,14.838,21.0,,4.2573723497857126,,TAS,-42.8821,147.3272,,AIHW historic trend (2001–2009) modeled by state shares
2008,Tasmania,TAS,498568.0,75100.0,15.063,21.0,,4.212063349432775,,TAS,-42.8821,147.3272,,AIHW historic trend (2001–2009) modeled by state shares
2009,Tasmania,TAS,504353.0,77372.0,15.341,21.0,,4.163750389112388,,TAS,-42.8821,147.3272,,AIHW historic trend (2001–2009) modeled by state shares
2010,Tasmania,TAS,508847.0,79769.0,15.676,21.0,,4.126977264285728,,TAS,-42.8821,147.3272,Highest Aging,AIHW public hospitals (2010–2025) modeled by state shares
2011,Tasmania,TAS,511483.0,82315.0,16.093,21.0,,4.105708303110758,,TAS,-42.8821,147.3272,Highest Aging,AIHW public hospitals (2010–2025) modeled by state shares
2012,Tasmania,TAS,511724.0,85581.0,16.724,21.0,,4.103774691044391,,TAS,-42.8821,147.3272,Highest Aging,AIHW public hospitals (2010–2025) modeled by state shares
2013,Tasmania,TAS,512231.0,88376.0,17.253,21.0,,4.099712824877838,,TAS,-42.8821,147.3272,Highest Aging,AIHW public hospitals (2010–2025) modeled by state shares
2014,Tasmania,TAS,513621.0,91252.0,17.766,21.0,,4.088617871932807,,TAS,-42.8821,147.3272,Highest Aging,AIHW public hospitals (2010–2025) modeled by state shares
2015,Tasmania,TAS,515117.0,94335.0,18.313,21.0,,4.076743730065209,,TAS,-42.8821,147.3272,Highest Aging,AIHW public hospitals (2010–2025) modeled by state shares
2016,Tasmania,TAS,517514.0,97328.0,18.807,21.0,,4.057861236604227,,TAS,-42.8821,147.3272,Highest Aging,AIHW public hospitals (2010–2025) modeled by state shares
2017,Tasmania,TAS,526762.0,100983.0,19.171,21.0,,3.98662014344239,,TAS,-42.8821,147.3272,Highest Aging,AIHW public hospitals (2010–2025) modeled by state shares
2018,Tasmania,TAS,537291.0,104565.0,19.462,21.0,,3.9084965130627536,,TAS,-42.8821,147.3272,Highest Aging,AIHW public hospitals (2010–2025) modeled by state shares
2019,Tasmania,TAS,547841.0,108312.0,19.771,21.0,,3.8332289843220937,,TAS,-42.8821,147.3272,Highest Aging,AIHW public hospitals (2010–2025) modeled by state shares
2020,Tasmania,TAS,557578.0,112271.0,20.135,21.0,,3.766289200793431,,TAS,-42.8821,147.3272,Highest Aging,AIHW public hospitals (2010–2025) modeled by state shares
2021,Tasmania,TAS,567239.0,115983.0,20.447,21.0,,3.702143188320972,,TAS,-42.8821,147.3272,Highest Aging,AIHW public hospitals (2010–2025) modeled by state shares
2022,Tasmania,TAS,571051.0,119295.0,20.89,21.0,,3.6774298617811714,,TAS,-42.8821,147.3272,Highest Aging,AIHW public hospitals (2010–2025) modeled by state shares
2023,Tasmania,TAS,573738.0,122333.0,21.322,21.0,,3.6602072723089636,,TAS,-42.8821,147.3272,Highest Aging,AIHW public hospitals (2010–2025) modeled by state shares
2024,Tasmania,TAS,575496.0,125675.0,21.838,21.0,1712.0,3.649026231285708,2.974825194267206,TAS,-42.8821,147.3272,,AIHW public hospitals (2010–2025) modeled by state shares
2001,Victoria,VIC,4763615.0,620297.0,13.022,165.0,,3.4637559920354604,,VIC,-37.8136,144.9631,,AIHW historic trend (2001–2009) modeled by state shares
2002,Victoria,VIC,4817774.0,630213.0,13.081,165.0,,3.4248181836673948,,VIC,-37.8136,144.9631,,AIHW historic trend (2001–2009) modeled by state shares
2003,Victoria,VIC,4873809.0,640570.0,13.143,165.0,,3.38544247425371,,VIC,-37.8136,144.9631,,AIHW historic trend (2001–2009) modeled by state shares
2004,Victoria,VIC,4927149.0,651620.0,13.225,166.0,,3.3690882902059585,,VIC,-37.8136,144.9631,,AIHW historic trend (2001–2009) modeled by state shares
2005,Victoria,VIC,4989246.0,664488.0,13.318,166.0,,3.327156047226375,,VIC,-37.8136,144.9631,,AIHW historic trend (2001–2009) modeled by state shares
2006,Victoria,VIC,5061266.0,677708.0,13.39,166.0,,3.279811809930559,,VIC,-37.8136,144.9631,,AIHW historic trend (2001–2009) modeled by state shares
2007,Victoria,VIC,5153522.0,695162.0,13.489,167.0,,3.2405023205489374,,VIC,-37.8136,144.9631,,AIHW historic trend (2001–2009) modeled by state shares
2008,Victoria,VIC,5256375.0,711501.0,13.536,167.0,,3.1770944805117596,,VIC,-37.8136,144.9631,,AIHW historic trend (2001–2009) modeled by state shares
2009,Victoria,VIC,5371934.0,731626.0,13.619,167.0,,3.108750033042104,,VIC,-37.8136,144.9631,,AIHW historic trend (2001–2009) modeled by state shares
2010,Victoria,VIC,5461101.0,754008.0,13.807,167.0,,3.0579914196789253,,VIC,-37.8136,144.9631,,AIHW public hospitals (2010–2025) modeled by state shares
2011,Victoria,VIC,5537817.0,777486.0,14.04,167.0,,3.0156287215702506,,VIC,-37.8136,144.9631,,AIHW public hospitals (2010–2025) modeled by state shares
2012,Victoria,VIC,5651091.0,809924.0,14.332,167.0,,2.9551815746729257,,VIC,-37.8136,144.9631,,AIHW public hospitals (2010–2025) modeled by state shares
2013,Victoria,VIC,5772669.0,839694.0,14.546,167.0,,2.8929425886015636,,VIC,-37.8136,144.9631,,AIHW public hospitals (2010–2025) modeled by state shares
2014,Victoria,VIC,5894917.0,867954.0,14.724,167.0,,2.832949132277859,,VIC,-37.8136,144.9631,,AIHW public hospitals (2010–2025) modeled by state shares
2015,Victoria,VIC,6022322.0,897013.0,14.895,167.0,,2.7730167865484443,,VIC,-37.8136,144.9631,,AIHW public hospitals (2010–2025) modeled by state shares
2016,Victoria,VIC,6173172.0,928475.0,15.04,167.0,,2.705254284183237,,VIC,-37.8136,144.9631,,AIHW public hospitals (2010–2025) modeled by state shares
2017,Victoria,VIC,6302608.0,955633.0,15.163,167.0,,2.6496967604521813,,VIC,-37.8136,144.9631,,AIHW public hospitals (2010–2025) modeled by state shares
2018,Victoria,VIC,6423038.0,983255.0,15.308,167.0,,2.600015755784101,,VIC,-37.8136,144.9631,,AIHW public hospitals (2010–2025) modeled by state shares
2019,Victoria,VIC,6537305.0,1011353.0,15.47,167.0,,2.554569505323677,,VIC,-37.8136,144.9631,,AIHW public hospitals (2010–2025) modeled by state shares
2020,Victoria,VIC,6615046.0,1048556.0,15.851,167.0,,2.5245478262736194,,VIC,-37.8136,144.9631,,AIHW public hospitals (2010–2025) modeled by state shares
2021,Victoria,VIC,6547822.0,1072814.0,16.384,167.0,,2.5504663993614978,,VIC,-37.8136,144.9631,,AIHW public hospitals (2010–2025) modeled by state shares
2022,Victoria,VIC,6630631.0,1099013.0,16.575,165.0,,2.488450948333575,,VIC,-37.8136,144.9631,,AIHW public hospitals (2010–2025) modeled by state shares
2023,Victoria,VIC,6816241.0,1129554.0,16.572,163.0,,2.3913473716671696,,VIC,-37.8136,144.9631,,AIHW public hospitals (2010–2025) modeled by state shares
2024,Victoria,VIC,6978719.0,1164038.0,16.68,161.0,15856.0,2.30701365107264,2.2720502143731536,VIC,-37.8136,144.9631,,AIHW public hospitals (2010–2025) modeled by state shares
2001,Western Australia,WA,1906274.0,209950.0,11.014,74.0,,3.8819183391264844,,WA,-31.9505,115.8605,,AIHW historic trend (2001–2009) modeled by state shares
2002,Western Australia,WA,1928512.0,215768.0,11.188,74.0,,3.8371552782663523,,WA,-31.9505,115.8605,,AIHW historic trend (2001–2009) modeled by state shares
2003,Western Australia,WA,1952741.0,221903.0,11.364,74.0,,3.7895450548741487,,WA,-31.9505,115.8605,,AIHW historic trend (2001–2009) modeled by state shares
2004,Western Australia,WA,1979542.0,228350.0,11.535,74.0,,3.7382384410131233,,WA,-31.9505,115.8605,,AIHW historic trend (2001–2009) modeled by state shares
2005,Western Australia,WA,2011207.0,235094.0,11.689,74.0,,3.6793825797145696,,WA,-31.9505,115.8605,,AIHW historic trend (2001–2009) modeled by state shares
2006,Western Australia,WA,2050581.0,241670.0,11.785,75.0,,3.6574999963424997,,WA,-31.9505,115.8605,,AIHW historic trend (2001–2009) modeled by state shares
2007,Western Australia,WA,2106139.0,249584.0,11.85,75.0,,3.561018527267194,,WA,-31.9505,115.8605,,AIHW historic trend (2001–2009) modeled by state shares
2008,Western Australia,WA,2171700.0,256718.0,11.821,75.0,,3.4535156789611827,,WA,-31.9505,115.8605,,AIHW historic trend (2001–2009) modeled by state shares
2009,Western Australia,WA,2240250.0,265845.0,11.867,75.0,,3.3478406427854033,,WA,-31.9505,115.8605,,AIHW historic trend (2001–2009) modeled by state shares
2010,Western Australia,WA,2290845.0,275243.0,12.015,75.0,,3.2739011150907196,,WA,-31.9505,115.8605,,AIHW public hospitals (2010–2025) modeled by state shares
2011,Western Australia,WA,2353409.0,285968.0,12.151,75.0,,3.186866371293728,,WA,-31.9505,115.8605,,AIHW public hospitals (2010–2025) modeled by state shares
2012,Western Australia,WA,2425507.0,299250.0,12.338,75.0,,3.092137025372427,,WA,-31.9505,115.8605,,AIHW public hospitals (2010–2025) modeled by state shares
2013,Western Australia,WA,2486944.0,311502.0,12.525,75.0,,3.0157494499273003,,WA,-31.9505,115.8605,,AIHW public hospitals (2010–2025) modeled by state shares
2014,Western Australia,WA,2517608.0,322955.0,12.828,75.0,,2.9790181791605366,,WA,-31.9505,115.8605,,AIHW public hospitals (2010–2025) modeled by state shares
2015,Western Australia,WA,2540672.0,334444.0,13.164,75.0,,2.95197491057484,,WA,-31.9505,115.8605,,AIHW public hospitals (2010–2025) modeled by state shares
2016,Western Australia,WA,2555978.0,346542.0,13.558,75.0,,2.934297556551739,,WA,-31.9505,115.8605,,AIHW public hospitals (2010–2025) modeled by state shares
2017,Western Australia,WA,2585720.0,360935.0,13.959,75.0,,2.9005460761412682,,WA,-31.9505,115.8605,,AIHW public hospitals (2010–2025) modeled by state shares
2018,Western Australia,WA,2617792.0,376632.0,14.387,75.0,,2.8650099014742194,,WA,-31.9505,115.8605,,AIHW public hospitals (2010–2025) modeled by state shares
2019,Western Australia,WA,2659625.0,393078.0,14.779,75.0,,2.8199464210180007,,WA,-31.9505,115.8605,,AIHW public hospitals (2010–2025) modeled by state shares
2020,Western Australia,WA,2712912.0,413816.0,15.254,75.0,,2.7645570516109625,,WA,-31.9505,115.8605,,AIHW public hospitals (2010–2025) modeled by state shares
2021,Western Australia,WA,2749365.0,431920.0,15.71,75.0,,2.7279026247879052,,WA,-31.9505,115.8605,,AIHW public hospitals (2010–2025) modeled by state shares
2022,Western Australia,WA,2791794.0,447186.0,16.018,74.0,,2.650625368490655,,WA,-31.9505,115.8605,,AIHW public hospitals (2010–2025) modeled by state shares
2023,Western Australia,WA,2883762.0,463159.0,16.061,73.0,,2.531415560646128,,WA,-31.9505,115.8605,,AIHW public hospitals (2010–2025) modeled by state shares
2024,Western Australia,WA,2965078.0,479965.0,16.187,72.0,6871.0,2.4282666425638717,2.3173083473689395,WA,-31.9505,115.8605,,AIHW public hospitals (2010–2025) modeled by state shares
